Vision;Mission;Brand DNA;Core Value
"""Founder of the best technology company in Indonesia""";"""Creating the best work environment to produce superior and innovative human resources.""
""Using the latest and best technology to provide products and services with high-value benefits.""
""Build solid collaboration with many business partners.""";"""Open Mindedness: An open mindset that accepts a wide variety of ideas, opinions and information. By understanding and respecting each other's differences, relationships with others will become more harmonious.""
""Technology Laboratory: An IT company that focuses on research and adaptive technology development for sustainable innovation""
""Usefulness: Setiap aktivitas dan karya yang dihasilkan berlandaskan nilai kebenaran yang dapat dirasakan bersama""";"""Open Minded: Be open-minded in receiving and conveying information based on data and facts in a clear and transparent manner.""
""Work with dignity: Let's cherish the gifts that God has given us and show our gratitude by working wholeheartedly and giving our best for ourselves and those around us.""
""Trustworthy Person: Let's strive to become reliable individuals with a strong commitment and the discipline to uphold shared values.""
""Feels like home: Let's nurture harmonious relationships based on mutual respect and professional understanding.""
""Bersegera/tidak menunda: Let's think quickly and measurably, act responsively, and be fully prepared to achieve common goals.""
""Teamwork: Let's collaborate openly and transparently to achieve common goals.""
""Continuous Improvement: Let's embrace high curiosity and creativity to produce and realize new ideas with practical value.""
""Delighting Customer: Let's aim to create exceptional experiences that not only meet but exceed the expectations of all stakeholders."""
